customer_id,customer_name,customer_gender,customer_birthdate,kids_home,teens_home,number_complaints,distinct_stores_visited,lifetime_spend_groceries,lifetime_spend_electronics,typical_hour,lifetime_spend_vegetables,lifetime_spend_nonalcohol_drinks,lifetime_spend_alcohol_drinks,lifetime_spend_meat,lifetime_spend_fish,lifetime_spend_hygiene,lifetime_spend_videogames,lifetime_total_distinct_products,percentage_of_products_bought_promotion,year_first_transaction,loyalty_card_number,latitude,longitude,is_business,age,lifetime_spent,education_level
1441,Fausto`s Supermarket,male,1989-01-23 11:26:00,0.0,0.0,0.0,1.0,2.678482190079608,1.0955066586684703,0.5756462732485115,2.103956174256987,2.3208279961080014,2.707298454704994,2.613335390817399,34425.0,1.55613960731884,,0.9780057513570364,0.1992612260672088,2008.0,961221.0,38.86624175361175,-9.110871294923252,1,34,34440.07554647195,0
3399,Sandy`s Supermarket,female,1970-07-11 12:57:00,0.0,0.0,0.0,1.0,2.7979319932951574,1.141087047866959,0.4479398673070137,2.121941095181356,2.2760504439786287,2.7093013859332022,2.623428919772058,36152.0,1.5551475425249348,,0.9972460116410686,0.2019332285531989,2009.0,,38.86636617487572,-9.111207226017632,1,53,36167.22488842855,0
8086,Eugene`s Supermarket,male,1956-02-29 08:26:00,0.0,0.0,0.0,1.0,2.8024376660625423,1.146241869667643,0.1732867951399863,2.109861960697846,2.2987559169660723,2.707971176267998,2.612482813475966,34777.0,1.5306232023785966,,0.95166562244258,0.2108953081014451,2010.0,,38.86588702297553,-9.11135294589299,1,67,34792.208374605514,0
9706,Michele`s Supermarket,female,1962-12-06 02:12:00,0.0,0.0,0.0,1.0,2.844842803735405,1.184049612098624,0.708303336014054,2.104066818206569,2.2910479289875507,2.703117913973628,2.615854394202106,35000.0,1.5551475425249348,,0.9972460116410686,0.2002110713764331,2009.0,,38.86627290717556,-9.111173901469286,1,61,35015.298127013724,0
17805,Robert`s Supermarket,male,1982-09-22 03:36:00,0.0,0.0,0.0,1.0,2.7514316474816467,1.1277148766292124,0.5994738181995927,2.1220955273905293,2.287594507700875,2.7031984876589594,2.619223382870881,35809.0,1.5531515239378797,,1.0063379226837874,0.1957122068970535,2008.0,,38.86660720488823,-9.1112064244204,1,41,35824.164409953664,0
6223,James`s Supermarket,male,1942-04-21 03:42:00,0.0,0.0,0.0,1.0,2.7316194757673347,1.116477029663646,0.772760613339579,2.144948083293189,2.3073886477249967,2.703223661610989,2.615975755160529,34219.0,1.5506338792969807,,0.9780057513570364,0.1962764964656081,2012.0,,38.8665778407041,-9.111230146549987,1,81,34234.17026653252,0
9421,David`s Supermarket,male,2001-01-18 09:35:00,0.0,0.0,0.0,1.0,2.595821699424249,1.141087047866959,0.7225929394740411,2.1251643056940344,2.288839015910856,2.704068036270249,2.617895396023128,34569.0,1.5586026814295928,,0.9972460116410686,0.2001218076176627,2011.0,,38.866749773166,-9.111501127303612,1,22,34584.03147818262,0
18698,Thomas`s Supermarket,male,1969-01-14 08:13:00,0.0,0.0,0.0,1.0,2.423006376498939,1.146241869667643,0.708303336014054,2.1543953413618766,2.306060819286293,2.7071944170517708,2.617399124981337,35354.0,1.5556440670178422,,0.9729550745276566,0.2051278690516731,2011.0,,38.86579619663921,-9.11092302861518,1,54,35368.90994201587,0
26453,Johnny`s Supermarket,male,1984-06-06 11:01:00,0.0,0.0,0.0,1.0,2.711171377029096,1.1562432033210677,0.7225929394740411,2.158610687866619,2.311378611745959,2.70557377863364,2.61725005136295,34591.0,1.5586026814295928,,0.9678002527269728,0.2054567558391314,2012.0,,38.866237112402494,-9.11169529643733,1,39,34606.218830391386,0
26022,Twyla`s Supermarket,female,1995-10-13 02:58:00,0.0,0.0,0.0,1.0,2.781271035403903,1.153780129210315,0.6770125502755525,2.0656397432526643,2.3098534048654726,2.7128822144307763,2.619448722303635,35262.0,1.5531515239378797,,1.0277184660433278,0.2000962479227422,2011.0,,38.86590618014628,-9.111490662154296,1,28,35277.1960267734,0
5504,Lauren`s Supermarket,male,1965-12-13 11:23:00,0.0,0.0,0.0,1.0,2.6791372074403528,1.153780129210315,0.4864775372638283,2.141591058855672,2.320897708428944,2.708587894064936,2.6228810465483634,34168.0,1.5686905053104847,,0.9729550745276566,0.1988862023288649,2010.0,,38.8658536344868,-9.111720863926202,1,58,34183.19556554985,0
17240,Ben`s Supermarket,male,1966-12-07 12:46:00,0.0,0.0,0.0,1.0,2.706440089021957,1.1634900875393808,0.5994738181995927,2.0893734531646406,2.278264562292408,2.706285965977173,2.619624627519094,34974.0,1.5756547439362265,,1.0357836815978831,0.1916651080571244,2008.0,,38.86619860262034,-9.110949344890848,1,57,34989.139133529454,0
20541,Vanessa`s Supermarket,female,1961-09-05 01:24:00,0.0,0.0,0.0,1.0,2.7680308231430946,1.151292546497023,0.6770125502755525,2.126178917476281,2.2937560067121536,2.7030574666632385,2.615046199989544,35421.0,1.5526500192561632,,0.9829564081810814,0.1964655004804529,2007.0,,38.86630362968789,-9.11138910569856,1,62,35436.21001197973,0
8298,Michael`s Supermarket,male,1970-01-16 06:08:00,0.0,0.0,0.0,1.0,2.726199837176918,1.1796247178237735,0.402359478108525,2.156736013843839,2.305666030416253,2.706276019291408,2.615782977872992,34224.0,1.559581156259877,,0.9729550745276566,0.1942138186837681,2013.0,,38.86656896968828,-9.111654363479635,1,53,34239.24986675269,0
1983,Jana`s Supermarket,female,1987-10-11 01:57:00,0.0,0.0,0.0,1.0,2.741008615099361,1.1106628141225792,0.3465735902799726,2.12541834493955,2.3093915895574435,2.708272324617489,2.61569725133979,35090.0,1.5470660307706474,,0.9972460116410686,0.201843699724394,2008.0,906460.0,38.86633489653314,-9.11100220528955,1,36,35105.157516970445,0
24659,William`s Supermarket,male,1976-09-17 03:13:00,0.0,0.0,0.0,1.0,2.728685737496497,1.1106628141225792,0.6597643324038146,2.175752159366112,2.310144638759198,2.7059724551125,2.613875775781745,35291.0,1.565849565647906,,1.0018332963081178,0.190049254791925,2009.0,,38.86600700022829,-9.111241372317693,1,47,35306.21094314629,0
14031,Jeffrey`s Supermarket,male,1993-08-29 11:58:00,0.0,0.0,0.0,1.0,2.555766980371781,1.1610977247853431,0.4864775372638283,2.1272902549297434,2.3032093130436926,2.7001080882031863,2.619561315898963,35207.0,1.5439668175264405,,0.922219863528484,0.1984522284831662,2012.0,,38.866500723572514,-9.110968349495767,1,30,35222.01100049476,0
532,Amanda`s Supermarket,female,1944-07-05 11:34:00,0.0,0.0,0.0,1.0,2.7083265914724937,1.2225872820554384,0.6412373393653842,2.154485773629095,2.307854174394525,2.704739487006595,2.6207404971518744,35782.0,1.5521475065241572,,0.9625369004275146,0.1981874955378383,2011.0,909087.0,38.866475213495285,-9.111092734404677,1,79,35797.27088131224,0
15138,Ralph`s Supermarket,male,1986-11-22 03:58:00,0.0,0.0,0.0,1.0,2.719200283376548,1.151292546497023,0.6597643324038146,2.12111584169833,2.304775469411189,2.7024370375932314,2.6131910906690927,35066.0,1.541354463557855,,0.9625369004275146,0.2031286206783137,2011.0,,38.86611268100588,-9.110768271005687,1,37,35081.153366732804,0
15990,Carol`s Supermarket,female,1999-04-30 05:28:00,0.0,0.0,0.0,1.0,2.769185846050001,1.122159092433035,0.6770125502755525,2.138091816605973,2.307609268418826,2.7070655485146484,2.6190471950050465,34782.0,1.554151525271216,,0.9729550745276566,0.2028131490916799,2012.0,,38.86620752722239,-9.111345668497467,1,24,34797.2173102923,0
17352,Christine`s Supermarket,female,1948-03-20 03:23:00,0.0,0.0,0.0,1.0,2.7988815444325748,1.141087047866959,0.708303336014054,2.175752159366112,2.294789813623152,2.71102990394911,2.6160043021203085,34974.0,1.549619679123077,,1.0151107526366048,0.2059423942006001,2009.0,,38.8665076116435,-9.11118901345893,1,75,34989.28716445048,0
9631,Charles`s Supermarket,male,1958-08-27 08:41:00,0.0,0.0,0.0,1.0,2.688388252041873,1.1562432033210677,0.7225929394740411,2.1389592037521106,2.29068112950863,2.7034652026615613,2.6111038800296407,34476.0,1.5506338792969807,,0.9780057513570364,0.2052491960528844,2013.0,,38.86590874185254,-9.110920003391447,1,65,34491.13947475061,0
22952,Jordan`s Supermarket,male,1945-05-13 11:37:00,0.0,0.0,0.0,1.0,2.764111492736088,1.2130075659799042,0.7225929394740411,2.1473319472938592,2.285970001318978,2.7054789994679576,2.6151321500247704,34924.0,1.575196448665811,,0.95166562244258,0.1961645275710171,2012.0,,38.86613643654732,-9.111078102128737,1,78,34939.306228605485,0
9268,Mark`s Supermarket,male,1980-08-10 10:24:00,0.0,0.0,0.0,1.0,2.6106668424496617,1.190543483699439,0.3465735902799726,2.144148383674421,2.290024788884859,2.705244391246441,2.6109437216129345,35585.0,1.5278668348756697,,0.9571603491222738,0.1927382136333083,2004.0,,38.86671470766736,-9.11098108332004,1,43,35600.079438446446,0
20218,Katie`s Supermarket,female,1965-10-07 03:03:00,0.0,0.0,0.0,1.0,2.76092238524085,1.1277148766292124,0.772760613339579,2.1314391055191813,2.3000977602806287,2.70670833472099,2.6137893926428744,34381.0,1.545521226679158,,1.01938436097643,0.1948167151219461,2011.0,,38.86660238906815,-9.110903452008651,1,58,34396.18619308172,0
11504,Lee`s Supermarket,female,1996-03-19 06:46:00,0.0,0.0,0.0,1.0,2.7064102661696645,1.151292546497023,0.4864775372638283,2.145557896898865,2.31287057882684,2.7073133136932004,2.614730796805147,35527.0,1.5511394406421726,,1.0018332963081178,0.1978312029664569,2009.0,,38.86666056132916,-9.11087864826434,1,27,35542.18931483953,0
13226,Consuelo`s Supermarket,female,1968-09-12 06:41:00,0.0,0.0,0.0,1.0,2.6957682013504667,1.151292546497023,0.402359478108525,2.15821015373555,2.3206652583889524,2.7051944461858417,2.620439212099785,35017.0,1.5576203618946205,,0.95166562244258,0.2000051040273003,2012.0,,38.86658486817189,-9.111425138877271,1,55,35032.20919018015,0
4808,Christian`s Supermarket,male,1955-09-06 05:09:00,0.0,0.0,0.0,1.0,2.70131332644843,1.153780129210315,0.7225929394740411,2.1214772253441176,2.3141389489432864,2.7039777038459483,2.616232560524661,34642.0,1.5349711380565638,,0.9729550745276566,0.1972471237964987,2012.0,,38.86654227048397,-9.111004136149283,1,68,34657.14589103237,0
15530,Robert`s Supermarket,female,1951-04-05 05:17:00,0.0,0.0,0.0,1.0,2.772661190983376,1.1634900875393808,0.6597643324038146,2.170125452257065,2.2945317624028827,2.701592194375088,2.615968617911224,33927.0,1.5586026814295928,,0.9460474084795653,0.2025527449620953,2012.0,,38.866707626491845,-9.111375526682032,1,72,33942.276971986896,0
8230,Anita`s Supermarket,female,1993-10-02 08:03:00,0.0,0.0,0.0,1.0,2.7242033492192843,1.1610977247853431,0.708303336014054,2.101788771551825,2.3097076605939524,2.705329274956575,2.6170298277151613,34591.0,1.5576203618946205,,0.9625369004275146,0.1976776682086531,2010.0,,38.86599461987495,-9.111309658288976,1,30,34606.17677697071,0
17726,Vincent`s Supermarket,male,1973-06-03 12:57:00,0.0,0.0,0.0,1.0,2.66866500563346,1.0923619631167554,0.5756462732485115,2.1451828030550564,2.292665888705821,2.703857209818111,2.6148240255321493,35269.0,1.5634572028938682,,0.9571603491222738,0.202341621237329,2009.0,,38.86615269638676,-9.111668861201135,1,50,35284.08101409876,0
24684,Kathyrn`s Supermarket,female,1943-11-18 08:35:00,0.0,0.0,0.0,1.0,2.7503373899533834,1.1862330320908123,0.6412373393653842,2.152443093177333,2.296665561155401,2.706072024972028,2.6144365398058973,35255.0,1.5724288927272494,,0.9729550745276566,0.1890801678932461,2008.0,,38.8666793660207,-9.111482919095064,1,80,35270.278616533884,0
2395,Jennifer`s Supermarket,female,2000-03-17 05:05:00,0.0,0.0,0.0,1.0,2.619244517073078,1.190543483699439,0.5198603854199589,2.1432042737910586,2.2795562707670944,2.7081686915363257,2.615082016095392,35483.0,1.55613960731884,,0.9625369004275146,0.200990265201965,2007.0,969349.0,38.866684687660175,-9.111140355072717,1,23,35498.11193886028,0
17716,Darrell`s Supermarket,male,1959-10-29 10:43:00,0.0,0.0,0.0,1.0,2.735565342156208,1.158682247057409,0.6212266624470001,2.067631273763768,2.315091966393957,2.7080353858484205,2.614379083400692,34996.0,1.545004163413143,,1.0063379226837874,0.2030809759024999,2011.0,,38.86606452911103,-9.111075987888505,1,64,35011.14438946203,0
27617,James`s Supermarket,male,1996-08-29 06:17:00,0.0,0.0,0.0,1.0,2.715349989775276,1.151292546497023,0.6770125502755525,2.075566448718342,2.314282133368736,2.701358980673602,2.609277828144524,34921.0,1.5475788514632869,,0.9678002527269728,0.1912689941421199,2011.0,,38.86581148457831,-9.111109293722262,1,27,34936.114706778644,0
7796,Dawn`s Supermarket,female,1989-11-09 04:05:00,0.0,0.0,0.0,1.0,2.772458988877081,1.1436777446258457,0.6412373393653842,2.13726984506964,2.2930038144136287,2.7022602109668856,2.6114456932928785,35752.0,1.562493810564871,,0.9625369004275146,0.1950205653293784,2010.0,,38.86619083025078,-9.111674638163898,1,34,35767.22261010781,0
4867,Geraldine`s Supermarket,female,1970-06-13 01:36:00,0.0,0.0,0.0,1.0,2.5730533341599986,1.1562432033210677,0.6212266624470001,2.160250619285631,2.303657788348335,2.706067047420784,2.612858883900967,36243.0,1.5470660307706474,,0.9729550745276566,0.207414572173603,2014.0,,38.86584639174142,-9.110811521899109,1,53,36258.059196907205,0
1246,Eric`s Supermarket,male,1960-12-31 07:03:00,0.0,0.0,0.0,1.0,2.780536744628422,1.1436777446258457,0.7225929394740411,2.1836802509862028,2.314520591990401,2.706420207515724,2.609768519810894,35299.0,1.5376506921115698,,0.9729550745276566,0.2006446950101009,2008.0,962837.0,38.86629501132786,-9.11085902230311,1,63,35314.27625475166,0
6779,Jane`s Supermarket,female,1961-06-04 05:37:00,0.0,0.0,0.0,1.0,2.666860655776646,1.1562432033210677,0.5756462732485115,2.1054457516528946,2.291414191087385,2.704373920313183,2.6136885745749106,33653.0,1.5581120041376306,,0.9460474084795653,0.2003582166361955,2008.0,,38.86642867270556,-9.111046259954652,1,62,33668.09613830086,0
11371,Mary`s Supermarket,female,1973-10-31 10:52:00,0.0,0.0,0.0,1.0,2.651739070541986,1.1682072086154764,0.7225929394740411,2.124910008042162,2.2948929595761367,2.7048795626511057,2.612656454740109,34418.0,1.5653729210802605,,1.0107628169586376,0.1998677463945625,2014.0,,38.86628534122036,-9.110879750480848,1,50,34433.12265818525,0
4009,Alexander`s Supermarket,male,1956-02-14 03:05:00,0.0,0.0,0.0,1.0,2.6201866939110365,1.1106628141225792,0.708303336014054,2.13910347614238,2.318680657726363,2.7058429549801035,2.6104115505924392,35004.0,1.557127750897796,,0.9829564081810814,0.1947143190641006,2010.0,,38.86584184083521,-9.110824185116472,1,67,35019.06201589838,0
642,Ronald`s Supermarket,male,1986-05-30 07:15:00,0.0,0.0,0.0,1.0,2.627012347699987,1.190543483699439,0.6412373393653842,2.153307594903295,2.275883591914593,2.7043288134096994,2.6080284502319064,35105.0,1.5392447463963888,,1.0151107526366048,0.2022532649612571,2013.0,937031.0,38.86586623971146,-9.111057879578402,1,37,35120.09834902825,0
13656,Tamara`s Supermarket,female,1978-04-18 09:21:00,0.0,0.0,0.0,1.0,2.724282034709404,1.1796247178237735,0.7225929394740411,2.1556134255184327,2.309318593304066,2.7026642024901806,2.615167953820034,35510.0,1.5475788514632869,,0.928393016676077,0.2009651458652906,2010.0,,38.86668854233706,-9.110928708630588,1,45,35525.23424977913,0
4567,Ava`s Supermarket,female,1995-01-28 10:48:00,0.0,0.0,0.0,1.0,2.600177771470958,1.122159092433035,0.7489330683884977,2.0992079586862635,2.3083432677716886,2.707001089326873,2.614271317036497,35740.0,1.5526500192561632,,0.9460474084795653,0.197755807492674,2013.0,,38.866394387058165,-9.111049226194917,1,28,35755.003810515984,0
5702,Kyle`s Supermarket,male,1967-10-26 04:30:00,0.0,0.0,0.0,1.0,2.626991860094977,1.1610977247853431,0.6212266624470001,2.159764194793269,2.2937301066862306,2.707748784903862,2.618955528219832,35051.0,1.562493810564871,,0.934417404570842,0.2017837501081814,2011.0,,38.86664383309731,-9.110755919555965,1,56,35066.130782010056,0
29493,Kevin`s Supermarket,male,1985-02-14 09:00:00,0.0,0.0,0.0,1.0,2.664996262149209,1.1773825503280837,0.7225929394740411,2.1306943924275346,2.2685728818782267,2.7044591000432354,2.613904563529712,34631.0,1.5465521559751234,,0.934417404570842,0.1957205621196187,2008.0,,38.86672805786712,-9.110837662931257,1,38,34646.10656190633,0
11783,Eric`s Supermarket,male,1984-01-02 02:40:00,0.0,0.0,0.0,1.0,2.763985180267939,1.141087047866959,0.6412373393653842,2.091359909047175,2.32611700867522,2.701734044099246,2.617959130886443,34893.0,1.5349711380565638,,0.9878109296453568,0.2032521352024468,2010.0,,38.86631087094705,-9.11159848423174,1,39,34908.1772134589,0
25193,Tara`s Supermarket,female,1972-10-20 08:48:00,0.0,0.0,0.0,1.0,2.720011298799233,1.146241869667643,0.3465735902799726,2.091825025460405,2.3017838102568087,2.7051894511309458,2.6208875045064777,35578.0,1.5581120041376306,,0.9925729783880304,0.2014329102085013,2011.0,,38.86591848726167,-9.110738051863702,1,51,35593.14405096396,0
10465,Willard`s Supermarket,male,1954-07-06 01:16:00,0.0,0.0,0.0,1.0,2.7376182894788625,1.175120091448104,0.3465735902799726,2.1466331673737127,2.3326966312630124,2.699965312642481,2.611692671462664,35299.0,1.5663253031844275,,0.9571603491222738,0.2000013498292649,2016.0,,38.86614504883832,-9.11077768890844,1,69,35314.270051466854,0
15398,Robert`s Supermarket,male,1948-07-25 02:56:00,0.0,0.0,0.0,1.0,2.64008991930784,1.1634900875393808,0.7361097447916101,2.1372214095371818,2.307241459024837,2.710438754303413,2.620298955707428,35181.0,1.5460372227343708,,0.9460474084795653,0.1960947448934909,2011.0,,38.86589626153143,-9.111112077798518,1,75,35196.12481780815,0
7167,Patricia`s Supermarket,female,1971-12-16 07:16:00,0.0,0.0,0.0,1.0,2.704073053781362,1.1773825503280837,0.5198603854199589,2.0815081714887698,2.311475136843683,2.705334267218569,2.61806531956408,34445.0,1.549619679123077,,1.0107628169586376,0.1949613294411943,2011.0,,38.86587791642797,-9.111435255952388,1,52,34460.14745817835,0
27496,Jessica`s Supermarket,female,1964-01-06 05:29:00,0.0,0.0,0.0,1.0,2.725362608263577,1.1193342036195515,0.6931471805599453,2.1409237562669143,2.2884954095767,2.7059525363809134,2.617015613074077,35151.0,1.5648953660162308,,0.9678002527269728,0.2006054496316025,2014.0,,38.86611408988799,-9.11140150207446,1,59,35166.1619794932,0
27857,Ricky`s Supermarket,male,1996-05-23 04:19:00,0.0,0.0,0.0,1.0,2.7364264602520185,1.122159092433035,0.708303336014054,2.100613878486453,2.317175903818274,2.7068473118529046,2.6153826689778072,35312.0,1.561526691370391,,1.0151107526366048,0.2076917780346596,2005.0,,38.86617673110944,-9.111343892521631,1,27,35327.16013200719,0
19931,Dennis`s Supermarket,male,1972-07-09 04:12:00,0.0,0.0,0.0,1.0,2.699019919408101,1.1384692229001352,0.7225929394740411,2.139295709908099,2.319336150189164,2.7058927706622447,2.6171150985931413,35257.0,1.541354463557855,,0.9571603491222738,0.1979948973585988,2011.0,,38.86608394638856,-9.1111162741871,1,51,35272.160483335225,0
6952,Miguelina`s Supermarket,female,1963-04-06 11:05:00,0.0,0.0,0.0,1.0,2.709851106386365,1.1610977247853431,0.2746530721670274,2.070430997602848,2.293393161945992,2.707402449080893,2.618114858848894,34869.0,1.5460372227343708,,1.0018332963081178,0.1949705732885428,2010.0,,38.86595876532952,-9.111276021848548,1,60,34884.10632752138,0
21006,Alene`s Supermarket,female,1958-10-28 05:03:00,0.0,0.0,0.0,1.0,2.675889756354396,1.175120091448104,0.7225929394740411,2.063502147641211,2.306060819286293,2.701779621565873,2.616731150393332,35567.0,1.553652024605548,,0.9925729783880304,0.2098100233966315,2005.0,,38.86641643842082,-9.111337482659051,1,65,35582.092735611295,0
19620,Kimberly`s Supermarket,female,1997-11-10 09:51:00,0.0,0.0,0.0,1.0,2.692867501029041,1.122159092433035,0.7489330683884977,2.1230201226502907,2.304328996428152,2.7075212468497307,2.6196175936863577,35502.0,1.561526691370391,,0.9678002527269728,0.1988959231370753,2011.0,,38.86584233830371,-9.111353648713765,1,26,35517.13104124445,0
11567,Glenda`s Supermarket,female,1989-03-10 04:49:00,0.0,0.0,0.0,1.0,2.5922609517136457,1.172836970557286,0.7225929394740411,2.15655673811009,2.290287531946353,2.7033042012271093,2.617179032670353,34956.0,1.5465521559751234,,0.9972460116410686,0.2035972687738339,2007.0,,38.86628603165652,-9.111308329591102,1,34,34971.0789775822,0
9943,Ricky`s Supermarket,male,1950-04-18 09:22:00,0.0,0.0,0.0,1.0,2.6539438441558643,1.122159092433035,0.7225929394740411,2.143676774404211,2.296537533293741,2.7073628372764924,2.614529878309832,35317.0,1.5475788514632869,,0.9829564081810814,0.208621148029891,2006.0,,38.866589565184405,-9.111029911498807,1,73,35332.08578881134,0
2615,Stephanie`s Supermarket,female,1956-12-08 11:52:00,0.0,0.0,0.0,1.0,2.746090021181557,1.1796247178237735,0.3465735902799726,2.101788771551825,2.334485429142476,2.7013183995518504,2.6191599695424688,35208.0,1.548090622368718,,0.9729550745276566,0.199577280600328,2001.0,952867.0,38.86664550388297,-9.111259798803845,1,67,35223.230557931165,0
21464,Grady`s Supermarket,male,1946-07-30 02:12:00,0.0,0.0,0.0,1.0,2.600276587203709,1.1883975477765911,0.7225929394740411,2.1547568743243763,2.316372804110258,2.7046844358087587,2.617001397624723,35337.0,1.5408287010086603,,0.9780057513570364,0.195686850239228,2012.0,,38.86613013435905,-9.110781285593635,1,77,35352.12231834786,0
13813,Nellie`s Supermarket,female,1970-03-09 11:22:00,0.0,0.0,0.0,1.0,2.51436312520766,1.133149873288314,0.6770125502755525,2.113030298668131,2.293678298583258,2.7041783982593595,2.618482557967647,34752.0,1.553652024605548,,0.9878109296453568,0.2036265712997171,2012.0,,38.86607665753064,-9.110888363330682,1,53,34766.930534576575,0
29324,Reva`s Supermarket,female,1986-04-23 04:07:00,0.0,0.0,0.0,1.0,2.7188694642201625,1.13044714426226,0.7225929394740411,2.0733248396778308,2.3097076605939524,2.707714172904321,2.618164388319091,35865.0,1.5710335402677005,,0.9678002527269728,0.200088296764453,2008.0,,38.86659589792831,-9.11103050991326,1,37,35880.12926121025,0
15903,Sergio`s Supermarket,male,1951-03-21 05:22:00,0.0,0.0,0.0,1.0,2.7052743534940453,1.153780129210315,0.6770125502755525,2.1185714226012404,2.324358769706779,2.7053941665879155,2.6134363513864582,34872.0,1.5376506921115698,,0.9925729783880304,0.1996519312970375,2009.0,,38.8664125464045,-9.110923138737034,1,72,34887.15846588509,0
21570,John`s Supermarket,male,1964-12-21 05:56:00,0.0,0.0,0.0,1.0,2.700444308325183,1.1658597735280167,0.7361097447916101,2.1552981953586805,2.294454295067656,2.7012727379146013,2.6155757550751955,34697.0,1.5576203618946205,,0.9878109296453568,0.1938627131711088,2008.0,,38.86668473151177,-9.110901021891696,1,59,34712.19052542716,0
11232,Eliza`s Supermarket,female,1971-01-07 08:47:00,0.0,0.0,0.0,1.0,2.7138587404045795,1.158682247057409,0.6931471805599453,2.11945711697349,2.309829120053175,2.7027197003058125,2.621111349620624,35071.0,1.5644168969706598,,0.9625369004275146,0.2008235769475887,2012.0,,38.86591378286219,-9.111454263470566,1,52,35086.19007517139,0
16013,Debbie`s Supermarket,female,1967-08-15 01:57:00,0.0,0.0,0.0,1.0,2.763015979810421,1.146241869667643,0.2746530721670274,2.130545183231819,2.305690722993685,2.707630095235546,2.615840112568284,34609.0,1.5418791227220854,,0.9972460116410686,0.1975883319963061,2011.0,,38.86629389527752,-9.111516477428363,1,56,34624.21084308623,0
20276,Marlene`s Supermarket,female,1994-09-07 12:39:00,0.0,0.0,0.0,1.0,2.763340783785445,1.1562432033210677,0.7225929394740411,2.099489775873135,2.2847647924928047,2.7059475564500346,2.614328798211665,34581.0,1.5677471079645748,,0.9780057513570364,0.2023126160052759,2007.0,,38.86610596372148,-9.111551882687277,1,29,34596.1918620181,0
3132,Vanessa`s Supermarket,female,1940-05-05 03:48:00,0.0,0.0,0.0,1.0,2.6934178791775083,1.1562432033210677,0.2746530721670274,2.0849349415047858,2.305567235710364,2.7005257481825686,2.6189978401434324,34560.0,1.5344317635215583,,0.9729550745276566,0.2070433610368678,2013.0,999342.0,38.86586325616004,-9.111246764126058,1,83,34575.09411861156,0
8450,Daniel`s Supermarket,male,1961-06-04 04:24:00,0.0,0.0,0.0,1.0,2.764820813682923,1.2010052611833142,0.6212266624470001,2.1426834895860667,2.3097076605939524,2.7038220547843546,2.613335390817399,34896.0,1.5551475425249348,,0.9729550745276566,0.1989541263108088,2009.0,,38.86624328703274,-9.110994346331733,1,62,34911.29052221317,0
16786,Glenn`s Supermarket,male,1950-10-10 01:33:00,0.0,0.0,0.0,1.0,2.68719406326389,1.133149873288314,0.5493061443340549,2.1266341528069272,2.300451010238474,2.7108541707439207,2.6245969362722565,35260.0,1.548090622368718,,0.9829564081810814,0.1953022969028346,2009.0,,38.86675736214769,-9.110818285178595,1,73,35275.13097082898,0
7534,Adam`s Supermarket,male,1967-07-08 04:12:00,0.0,0.0,0.0,1.0,2.761150106525762,1.1436777446258457,0.0,2.1367850669460475,2.2901299192480566,2.70453423453454,2.6207404971518744,34900.0,1.5470660307706474,,0.9829564081810814,0.2080131278657972,2014.0,,38.86630628560123,-9.11128428240998,1,56,34915.204083599805,0
24000,Keith`s Supermarket,male,1998-04-14 06:51:00,0.0,0.0,0.0,1.0,2.6975410201585257,1.1610977247853431,0.6931471805599453,2.149693294602165,2.3170343676756,2.7032337304820686,2.61130756973421,34163.0,1.5639375104383415,,0.9925729783880304,0.2005262805943178,2006.0,,38.866202858713415,-9.111477208474872,1,25,34178.20384521787,0
26766,Theresa`s Supermarket,female,1953-01-22 06:35:00,0.0,0.0,0.0,1.0,2.722666340189483,1.1773825503280837,0.6931471805599453,2.147378463248966,2.2872757656262483,2.7038371218327244,2.6109655674396675,35454.0,1.554151525271216,,0.9729550745276566,0.2018436325405538,2012.0,,38.866445450133256,-9.110963892164316,1,70,35469.203657333936,0
18293,Cindy`s Supermarket,female,1979-09-24 05:48:00,0.0,0.0,0.0,1.0,2.702133829616059,1.184049612098624,0.4864775372638283,2.105225632774488,2.3254562655245903,2.706663647087429,2.6166386302869453,35797.0,1.5677471079645748,,0.9972460116410686,0.2007724214425965,2004.0,,38.86608258287897,-9.110911250908408,1,44,35812.207914725346,0
27450,Denise`s Supermarket,female,1994-06-11 12:13:00,0.0,0.0,0.0,1.0,2.71214973755462,1.1487799625336474,0.2746530721670274,2.136736537391396,2.293678298583258,2.701506032044405,2.609050465389939,35406.0,1.5644168969706598,,0.9571603491222738,0.2013108481954896,2008.0,,38.86627997730764,-9.11090452620056,1,29,35421.16631793047,0
5107,Jean`s Supermarket,female,1942-06-25 10:18:00,0.0,0.0,0.0,1.0,2.6849672252954955,1.089177206672398,0.772760613339579,2.107527271127281,2.29481560410133,2.7030171603350577,2.6136237414837376,34569.0,1.5648953660162308,,0.9925729783880304,0.1958450303910026,2015.0,,38.8667217636169,-9.11111656003052,1,81,34584.058023575024,0
13044,Mark`s Supermarket,male,1979-03-08 11:45:00,0.0,0.0,0.0,1.0,2.756144655741166,1.153780129210315,0.7225929394740411,2.0852929367926905,2.2829054468161942,2.7016884583218825,2.6166671016590115,35429.0,1.5511394406421726,,1.0107628169586376,0.1950293007604022,2007.0,,38.86602206174677,-9.111155511723002,1,44,35444.14761816918,0
20158,Jennifer`s Supermarket,female,1998-08-23 03:03:00,0.0,0.0,0.0,1.0,2.608742095306788,1.1682072086154764,0.5493061443340549,2.0990951427998725,2.321570593887835,2.705109516676517,2.612837202900737,35771.0,1.5576203618946205,,0.934417404570842,0.2058440774582563,2010.0,,38.86611577796153,-9.111532090324015,1,25,35786.07318212208,0
6630,Vera`s Supermarket,female,1980-07-21 12:36:00,0.0,0.0,0.0,1.0,2.725058303700167,1.170532806781055,0.6212266624470001,2.153716054647421,2.2998956788308056,2.707248918364973,2.617824560446194,34703.0,1.5526500192561632,,0.9780057513570364,0.2060437583807133,2012.0,,38.86674726912479,-9.11082848005606,1,43,34718.226926342024,0
3651,Jonathan`s Supermarket,male,1944-10-26 12:12:00,0.0,0.0,0.0,1.0,2.6916154730770847,1.13044714426226,0.6931471805599453,2.0425464132199105,2.2935487313349574,2.704088105710523,2.6139981008234017,34818.0,1.55613960731884,,0.9878109296453568,0.1982854846293795,2013.0,,38.86587273386113,-9.111054675992824,1,79,34833.032383575744,0
23871,Ashley`s Supermarket,female,1994-09-09 02:47:00,0.0,0.0,0.0,1.0,2.7402239573200453,1.146241869667643,0.708303336014054,2.1305949295258846,2.3062333435697706,2.701039225876832,2.6201024644692423,35335.0,1.5733548197116205,,0.9925729783880304,0.2096303581251192,2011.0,,38.86631676025328,-9.11113427032316,1,29,35350.217790610135,0
13041,Karina`s Supermarket,female,1966-10-23 09:46:00,0.0,0.0,0.0,1.0,2.665383141168479,1.153780129210315,0.5994738181995927,2.138091816605973,2.307511238812629,2.7061715551907164,2.614307244319737,35592.0,1.5403018304237692,,0.9093965399315964,0.199853595103863,2009.0,,38.865963715104,-9.111017320515522,1,57,35607.12554695573,0
7745,Roy`s Supermarket,male,1949-05-13 09:56:00,0.0,0.0,0.0,1.0,2.746361313406833,1.1883975477765911,0.5994738181995927,2.1384776935878502,2.2819026810942966,2.704729478599532,2.6179166427830096,35470.0,1.541354463557855,,0.9780057513570364,0.2041601898726285,2010.0,,38.8662311333177,-9.111151578233285,1,74,35485.21913982081,0
18215,Carol`s Supermarket,female,1995-11-04 12:14:00,0.0,0.0,0.0,1.0,2.745890603301445,1.1634900875393808,0.7225929394740411,2.145604744083486,2.2913095995159405,2.707456905065821,2.6131261284190126,35236.0,1.582430226380674,,0.9729550745276566,0.1991428876708314,2007.0,,38.866357729903655,-9.111663133209154,1,28,35251.249308294304,0
27489,Ronda`s Supermarket,female,1997-11-10 04:01:00,0.0,0.0,0.0,1.0,2.6857135106492627,1.1610977247853431,0.6597643324038146,2.117472979574556,2.299237783714292,2.704499174581964,2.612055431988325,34993.0,1.5556440670178422,,0.9158904115324116,0.2029454193282112,2011.0,,38.86585554233044,-9.111447879949608,1,26,35008.13572067231,0
5295,James`s Supermarket,male,1990-04-23 03:33:00,0.0,0.0,0.0,1.0,2.747110076604568,1.122159092433035,0.5756462732485115,2.155162974946117,2.312774591112088,2.7064500291821942,2.6139333479631217,35214.0,1.5663253031844275,,1.0107628169586376,0.1944707512651623,2011.0,,38.866525795021126,-9.11105605937452,1,33,35229.22391541542,0
28739,Louis`s Supermarket,male,1993-01-06 06:50:00,0.0,0.0,0.0,1.0,2.757615128743299,1.1077041997108283,0.772760613339579,2.08677909025968,2.2987305298119507,2.7071745954462103,2.6152395460312907,35378.0,1.5470660307706474,,0.9678002527269728,0.2041101956224813,2013.0,,38.86644055773041,-9.111308213202872,1,30,35393.12030912077,0
21732,Christine`s Supermarket,female,1978-06-17 03:42:00,0.0,0.0,0.0,1.0,2.6586752334756323,1.146241869667643,0.7611306094308558,2.166446398866516,2.285970001318978,2.70253297683962,2.620242831110588,34819.0,1.5551475425249348,,0.922219863528484,0.1912262491200881,2014.0,,38.866596473582334,-9.111657618903934,1,45,34834.135256853806,0
13639,Daniel`s Supermarket,male,1991-11-18 09:19:00,0.0,0.0,0.0,1.0,2.6938364031415776,1.116477029663646,0.5994738181995927,2.097964175026235,2.3017336447103376,2.705329274956575,2.617257152122732,35075.0,1.549619679123077,,0.9925729783880304,0.2037168663252877,2012.0,,38.86648433053312,-9.11148105830357,1,32,35090.082217358744,0
6880,Lisa`s Supermarket,female,1954-04-15 03:33:00,0.0,0.0,0.0,1.0,2.718130631416286,1.1277148766292124,0.6212266624470001,2.145651582491117,2.275633104835469,2.701946667889476,2.617541017260531,35183.0,1.5576203618946205,,0.9571603491222738,0.1992461315278986,2007.0,,38.866714242876704,-9.1113395895867,1,69,35198.144238242414,0
8592,Charles`s Supermarket,male,1988-01-18 04:13:00,0.0,0.0,0.0,1.0,2.644139892166256,1.13044714426226,,2.135861390640076,2.318516515714182,2.704429039922959,2.615968617911224,35005.0,1.5403018304237692,,0.9571603491222738,0.1964092596959565,2013.0,,38.86668518836038,-9.111366207826622,1,35,35020.08966443104,0
15028,Edward`s Supermarket,male,1970-05-28 05:26:00,0.0,0.0,0.0,1.0,2.8041885317806154,1.146241869667643,0.7489330683884977,2.122044060586436,2.27771286836886,2.708025508524779,2.615511409611196,36058.0,1.5653729210802605,,0.9972460116410686,0.2028134121534187,2012.0,,38.86603138108497,-9.110901739343278,1,53,36073.23909716962,0
6069,Annmarie`s Supermarket,female,1963-02-02 12:10:00,0.0,0.0,0.0,1.0,2.6984868810939404,1.1487799625336474,0.7225929394740411,2.0891387113633564,2.309440241888044,2.708523826251269,2.618645021772192,34744.0,1.5581120041376306,,0.9878109296453568,0.2007395455852325,2012.0,,38.86582020059426,-9.11156984620354,1,60,34759.131126649045,0
20923,Jeanette`s Supermarket,female,1990-11-25 05:26:00,0.0,0.0,0.0,1.0,2.6698357788672413,1.1862330320908123,0.708303336014054,2.1232763489717867,2.316207139315063,2.707531144116107,2.615053363621219,35672.0,1.5576203618946205,,0.95166562244258,0.1973655828044024,2008.0,,38.86596976599581,-9.110871902525073,1,33,35687.17575716887,0
21395,Lana`s Supermarket,female,1944-11-21 03:30:00,0.0,0.0,0.0,1.0,2.7799188619853306,1.151292546497023,0.7361097447916101,2.1484459483944875,2.313708902965684,2.7034702322860498,2.6121206730180537,34586.0,1.5465521559751234,,0.9780057513570364,0.2061854777616237,2011.0,,38.86618475094263,-9.111033109198823,1,79,34601.25550932112,0
27166,David`s Supermarket,male,1951-05-08 02:39:00,0.0,0.0,0.0,1.0,2.6713444857326154,1.2110467716146478,0.7838735539822874,2.138188341703697,2.280541170268114,2.704499174581964,2.617207442568392,35107.0,1.5387145235041044,,1.0018332963081178,0.1929649236608748,2011.0,,38.8661162618582,-9.111558193166244,1,72,35122.161541909976,0
12724,Claudia`s Supermarket,female,1974-05-19 11:32:00,0.0,0.0,0.0,1.0,2.70730836079526,1.1634900875393808,0.7225929394740411,2.101956163590218,2.291440332144554,2.7029012434302806,2.6106230966418567,34876.0,1.5700989597400488,,0.9729550745276566,0.2014526485179666,2007.0,,38.86583722190643,-9.111100558498975,1,49,34891.14781824388,0
17057,Wendi`s Supermarket,female,1942-08-26 11:13:00,0.0,0.0,0.0,1.0,2.7492927619918714,1.13044714426226,0.6770125502755525,2.120391503443272,2.286876765701153,2.7031078404368074,2.617753704792856,35098.0,1.561526691370391,,0.9460474084795653,0.2040846309502505,2012.0,,38.866271474412734,-9.111060547676084,1,81,35113.169396412006,0
17056,Floyd`s Supermarket,male,1982-11-03 02:04:00,0.0,0.0,0.0,1.0,2.712950017608255,1.1487799625336474,0.7225929394740411,2.145604744083486,2.2929778363391,2.7101010255509848,2.609658747111796,34564.0,1.551643981681232,,0.9925729783880304,0.2007289689118393,2014.0,,38.86638702276237,-9.111538690965933,1,41,34579.1717163149,0
26036,Laura`s Supermarket,female,1950-03-30 10:21:00,0.0,0.0,0.0,1.0,2.5706863921187795,1.1277148766292124,0.5493061443340549,2.067247052376664,2.296229998657318,2.700036710615264,2.6206914754841404,35135.0,1.5770246103773826,,0.9571603491222738,0.2069174415234718,2002.0,,38.86620637132584,-9.111400059418244,1,73,35149.95963111625,0
21445,Harrison`s Supermarket,male,1945-12-23 12:24:00,0.0,0.0,0.0,1.0,2.6610047869394333,1.116477029663646,0.708303336014054,2.1064886777454914,2.317552942253393,2.704012837000662,2.6150605270476297,35425.0,1.562975970791472,,0.9878109296453568,0.205130342114566,2006.0,,38.86662095636489,-9.11157172106997,1,78,35440.083572771444,0
1470,Jason`s Supermarket,male,1948-07-28 02:19:00,0.0,0.0,0.0,1.0,2.6888472713642333,1.1384692229001352,0.7225929394740411,2.099715001113593,2.2960760893563354,2.7060819797772138,2.6127793777060417,35407.0,1.5475788514632869,,0.9460474084795653,0.1970172048059834,2015.0,952976.0,38.86597630636994,-9.111044898999552,1,75,35422.08954779369,0
20657,James`s Supermarket,male,1988-12-17 04:59:00,0.0,0.0,0.0,1.0,2.7607224588031203,1.1682072086154764,0.5756462732485115,2.134983169596432,2.3045523325887194,2.7074816538655244,2.6190471950050465,35981.0,1.548090622368718,,1.0107628169586376,0.1993383366121312,2009.0,,38.86587088312178,-9.111539691873,1,35,35996.24308464084,0
16852,Jake`s Supermarket,male,1968-01-10 06:46:00,0.0,0.0,0.0,1.0,2.643737834566229,1.1989476363991851,0.7225929394740411,2.122198429223635,2.2947382246836376,2.7044089978345625,2.615918651459961,34881.0,1.5418791227220854,,1.0018332963081178,0.2026639236173881,2012.0,,38.8665117948839,-9.11118086722802,1,55,34896.12182889689,0
21777,Timothy`s Supermarket,male,1948-12-24 11:03:00,0.0,0.0,0.0,1.0,2.6985587024848963,1.1077041997108283,0.2746530721670274,2.101509535512519,2.309829120053175,2.707080421351894,2.620172657641312,34772.0,1.5551475425249348,,0.9878109296453568,0.1918197372857434,2011.0,,38.8660252132037,-9.111212602475549,1,75,34787.10000217928,0
5133,Leonard`s Supermarket,male,1963-06-08 12:25:00,0.0,0.0,0.0,1.0,2.714282967737908,1.151292546497023,0.7225929394740411,2.0741366300751536,2.2949960629903208,2.710394728592284,2.618757977834206,34804.0,1.5586026814295928,,0.9729550745276566,0.2019127372064535,2007.0,,38.866583538522086,-9.111590131022478,1,60,34819.12246359516,0
8934,Maribel`s Supermarket,female,1986-04-23 07:14:00,0.0,0.0,0.0,1.0,2.6619507549176182,1.1682072086154764,0.6931471805599453,2.157362468440476,2.296819108094408,2.70715972821062,2.614773829768503,33987.0,1.580641309981821,,1.01938436097643,0.2068215359189935,2014.0,,38.86637542310446,-9.111220383888096,1,37,34002.186914408034,0
27177,Eva`s Supermarket,female,1992-01-04 08:10:00,0.0,0.0,0.0,1.0,2.5994087158123262,1.1384692229001352,0.6770125502755525,2.080233742220853,2.3131822846169925,2.7050995230724224,2.619582421553884,35077.0,1.562975970791472,,0.9571603491222738,0.2066230650436308,2010.0,,38.865990897943554,-9.111582663721096,1,31,35092.018951880964,0
21245,Vanessa`s Supermarket,female,1992-09-17 08:28:00,0.0,0.0,0.0,1.0,2.6673783446271613,1.1947808732778824,0.4864775372638283,2.128697576699982,2.3119572040967937,2.701242292189144,2.6167098026383915,35357.0,1.5397738471229832,,1.0018332963081178,0.2013597248340519,2010.0,,38.86649913365135,-9.110967147040595,1,31,35372.16053994065,0
1553,Nancy`s Supermarket,female,1942-09-01 03:33:00,0.0,0.0,0.0,1.0,2.776032454191402,1.1487799625336474,0.6931471805599453,2.133315842898433,2.296537533293741,2.70213888609695,2.611924898829938,35181.0,1.565849565647906,,1.0107628169586376,0.1958823096832867,2007.0,997961.0,38.86659433483119,-9.110748648263458,1,81,35196.23457914349,0
6160,Tanner`s Supermarket,male,1958-11-23 10:03:00,0.0,0.0,0.0,1.0,2.617313950941561,1.1487799625336474,0.7361097447916101,2.1197170192736423,2.3018590397071983,2.7081686915363257,2.612330778372892,34482.0,1.5556440670178422,,1.0277184660433278,0.1930302040700432,2010.0,,38.86611867503453,-9.110968432995078,1,65,34497.06381350938,0
3663,Carrie`s Supermarket,female,1962-08-20 09:38:00,0.0,0.0,0.0,1.0,2.709325952819025,1.1634900875393808,0.7225929394740411,2.151712765836693,2.3083676973412595,2.7077833921121046,2.6142569446774138,35234.0,1.571964640040446,,0.9729550745276566,0.1974198810213876,2010.0,,38.86579574542557,-9.111100513331175,1,61,35249.22690148037,0
2766,Allen`s Supermarket,male,1984-03-01 10:31:00,0.0,0.0,0.0,1.0,2.6518503905517417,1.0986122886681098,0.7225929394740411,2.1308435126228296,2.3002492142432573,2.7047344828531474,2.614062836916293,34957.0,1.5668001371353406,,0.9972460116410686,0.1946794002434536,2017.0,952142.0,38.86593184036679,-9.111362719484138,1,39,34972.067152863,0
16556,Weston`s Supermarket,male,1951-09-22 01:05:00,0.0,0.0,0.0,1.0,2.708114390391839,1.153780129210315,0.6770125502755525,2.1277937797726687,2.3041054605730125,2.706365525219645,2.6238718877727787,35670.0,1.5566341673218664,,0.9729550745276566,0.1995687157024454,2012.0,,38.86587191063303,-9.110839577225995,1,72,35685.18066534026,0
13685,Serena`s Supermarket,female,1944-12-07 04:54:00,0.0,0.0,0.0,1.0,2.715038044637139,1.1796247178237735,0.7361097447916101,2.142351515715793,2.3133499653591576,2.707738896250102,2.6165389549424574,35913.0,1.54448602851265,,0.9829564081810814,0.2047458854296896,2005.0,,38.86616459539864,-9.111390171239504,1,79,35928.219128123244,0
322,Jasmin`s Supermarket,female,1993-11-09 06:03:00,0.0,0.0,0.0,1.0,2.6767923350069074,1.1077041997108283,0.5994738181995927,2.151071974566793,2.2847379439721323,2.7046794305532407,2.617817475784486,34990.0,1.545004163413143,,1.0063379226837874,0.2087265099621025,2008.0,923110.0,38.86636667167455,-9.111617029793774,1,30,35005.08780752301,0
14302,Beth`s Supermarket,female,1999-01-11 01:38:00,0.0,0.0,0.0,1.0,2.665851284182481,1.170532806781055,0.7838735539822874,2.0965432322444584,2.3136132366486257,2.7026288792827744,2.6187438611171863,34724.0,1.5738165003599116,,1.01938436097643,0.2017937112881536,2007.0,,38.866414142583565,-9.111047536379074,1,24,34739.14172980061,0
29641,Beverly`s Supermarket,female,1973-06-27 06:17:00,0.0,0.0,0.0,1.0,2.709703978321856,1.1249524175825665,0.6597643324038146,2.1027358478933817,2.3072905315541927,2.704007818280837,2.6152180705205184,34602.0,1.538183173676026,,0.9571603491222738,0.2073483350678897,2014.0,,38.86593480650263,-9.11152673861681,1,50,34617.10209183783,0
7930,Anita`s Supermarket,female,1996-08-11 04:24:00,0.0,0.0,0.0,1.0,2.673031678638824,1.1077041997108283,0.5198603854199589,2.1370760466103227,2.314687377795968,2.705249385203753,2.6097758362773344,34490.0,1.5521475065241572,,0.95166562244258,0.1939016701710959,2007.0,,38.866326630562725,-9.11153263636698,1,27,34505.09967203077,0
7557,Adam`s Supermarket,male,1982-02-04 08:16:00,0.0,0.0,0.0,1.0,2.6842947445220955,1.1562432033210677,0.7225929394740411,2.1640648098848088,2.2942217489292407,2.7025077332388507,2.617895396023128,35293.0,1.549619679123077,,1.0018332963081178,0.1978133366336275,2009.0,,38.86665516699083,-9.110942496189868,1,41,35308.16884731504,0
347,Mildred`s Supermarket,female,1984-02-27 03:56:00,0.0,0.0,0.0,1.0,2.7371132254933657,1.1634900875393808,0.2746530721670274,2.1282460866605457,2.322287888100118,2.70213888609695,2.615432742657818,34818.0,1.5653729210802605,,0.9729550745276566,0.1960426980068912,2015.0,985515.0,38.8666214751884,-9.111168531063468,1,39,34833.234081837625,0
28397,Meghan`s Supermarket,female,1960-06-12 08:59:00,0.0,0.0,0.0,1.0,2.7146680052589107,1.1077041997108283,0.5994738181995927,2.131587782300251,2.308685064699929,2.705728341226439,2.61517511396381,35434.0,1.5566341673218664,,1.0107628169586376,0.2013288113689708,2009.0,,38.86661959528469,-9.11157902480542,1,63,35449.14018267448,0
28693,Erin`s Supermarket,female,1974-08-09 11:33:00,0.0,0.0,0.0,1.0,2.721807826066837,1.1249524175825665,0.7489330683884977,2.0817501850604283,2.308977662021928,2.705813060805446,2.6226935230991413,34472.0,1.554151525271216,,0.928393016676077,0.2119310551135963,2006.0,,38.86655578605145,-9.111084899116632,1,49,34487.12014619991,0
10946,Jonathan`s Supermarket,male,1984-01-15 07:46:00,0.0,0.0,0.0,1.0,2.754808879162731,1.1682072086154764,0.6770125502755525,2.126026987966896,2.273451638930058,2.7036713343360685,2.619589456376255,35144.0,1.554151525271216,,0.9625369004275146,0.188823025828981,2006.0,,38.86655298436164,-9.110848918431376,1,39,35159.199907030656,0
29953,Julissa`s Supermarket,female,1987-10-16 08:41:00,0.0,0.0,0.0,1.0,2.669398101669,1.1658597735280167,0.2746530721670274,2.126381346637139,2.30900202968119,2.7040931228188625,2.615854394202106,34746.0,1.5634572028938682,,0.922219863528484,0.2019440165362561,2010.0,,38.866711149685536,-9.111324421645271,1,36,34761.15404597143,0
4914,Jill`s Supermarket,female,1965-07-05 04:52:00,0.0,0.0,0.0,1.0,2.7983246364839487,1.151292546497023,0.6931471805599453,2.098473743767936,2.299161761211045,2.707526195531897,2.616382241921597,35490.0,1.553652024605548,,0.9878109296453568,0.1965717687143559,2009.0,,38.8659458535525,-9.11139011435375,1,58,35505.22481315002,0
10653,Christopher`s Supermarket,male,1993-03-03 11:57:00,0.0,0.0,0.0,1.0,2.7122468777485675,1.1818469546780852,0.3465735902799726,2.115155709981961,2.294686625096251,2.704659408529003,2.6116563664423413,35515.0,1.5600689612926923,,1.0357836815978831,0.1926366626698663,2009.0,,38.86649416790363,-9.11088005700915,1,30,35530.18032090377,0
28241,Margie`s Supermarket,female,1980-09-01 11:24:00,0.0,0.0,0.0,1.0,2.706971333326045,1.1562432033210677,0.7838735539822874,2.0968849957973417,2.31387623098264,2.705024558305301,2.618666204921716,34571.0,1.55613960731884,,0.9829564081810814,0.2044658461968937,2010.0,,38.86596197070109,-9.111177573046744,1,43,34586.15380613397,0
6893,David`s Supermarket,male,1962-09-18 06:39:00,0.0,0.0,0.0,1.0,2.716216591556552,1.141087047866959,0.7225929394740411,2.0733248396778308,2.30880702187099,2.702527928323378,2.615096341101125,34742.0,1.5600689612926923,,0.9925729783880304,0.2040432318883424,2009.0,,38.86673678260158,-9.111371570257406,1,61,34757.11712873169,0
2851,Rick`s Supermarket,male,1988-03-27 01:01:00,0.0,0.0,0.0,1.0,2.7395456960344453,1.170532806781055,0.7225929394740411,2.0720707613019225,2.2898670104006067,2.707644934526035,2.617852897085499,34585.0,1.5672740709265651,,0.9678002527269728,0.2027562834007023,2012.0,937855.0,38.866261989701655,-9.111724917909676,1,35,34600.164788177055,0
5966,Heriberto`s Supermarket,male,1981-10-03 06:36:00,0.0,0.0,0.0,1.0,2.65841638754408,1.1562432033210677,0.7611306094308558,2.09762388459257,2.2900773595926545,2.7012625897514178,2.6176544731281464,35321.0,1.5418791227220854,,0.9729550745276566,0.1993655186621988,2012.0,,38.86659118992904,-9.11170600795626,1,42,35336.06315702065,0
5438,William`s Supermarket,male,1980-12-19 04:41:00,0.0,0.0,0.0,1.0,2.7564866419196297,1.153780129210315,0.7225929394740411,2.130644665923144,2.3046019357634853,2.701150932759834,2.614687756433172,34169.0,1.549619679123077,,1.0107628169586376,0.2067366487818091,2009.0,,38.86596976456089,-9.111364696897088,1,43,34184.21097174113,0
8606,John`s Supermarket,male,1988-06-21 12:08:00,0.0,0.0,0.0,1.0,2.696560545797707,1.1487799625336474,0.0,2.0889037489400457,2.285515382805722,2.708158819478198,2.616282464281867,35195.0,1.565849565647906,,1.0063379226837874,0.2004403166702242,2013.0,,38.86669021664407,-9.111461673113444,1,35,35210.110050489486,0
15690,Andrea`s Supermarket,female,1965-05-22 01:32:00,0.0,0.0,0.0,1.0,2.796573660594968,1.1968729356955117,0.6597643324038146,2.121012493205746,2.2939631103793774,2.703947585783105,2.616716918759252,34317.0,1.5526500192561632,,1.01938436097643,0.1956627173705986,2004.0,,38.86654755606059,-9.111582134415162,1,58,34332.28173672368,0
751,Molly`s Supermarket,female,1944-10-26 08:02:00,0.0,0.0,0.0,1.0,2.645469090530132,1.135823695567501,0.7489330683884977,2.1685064963607563,2.2862370383022825,2.7048695598503203,2.614400631100129,33695.0,1.5756547439362265,,0.8888370153723534,0.2014270441981061,2017.0,922617.0,38.866765112127,-9.111639680616008,1,79,33710.13096125565,0
27672,Bobby`s Supermarket,male,1973-01-15 03:38:00,0.0,0.0,0.0,1.0,2.7453764752256222,1.13044714426226,0.772760613339579,2.133020450977497,2.288230775276558,2.7052993192909245,2.621983829043183,34293.0,1.5620107186271073,,0.9925729783880304,0.2029543733359057,2007.0,,38.8666259404579,-9.111141725219028,1,50,34308.186368712704,0
4375,Michael`s Supermarket,male,1993-12-05 08:46:00,0.0,0.0,0.0,1.0,2.691203776583749,1.1487799625336474,0.7225929394740411,2.155208056543931,2.312678566528614,2.706882044067586,2.612019179613731,35470.0,1.5460372227343708,,0.9878109296453568,0.1897489715284117,2009.0,,38.866023005430186,-9.111035146262624,1,30,35485.1728088086,0
25366,Robert`s Supermarket,male,1962-12-29 07:12:00,0.0,0.0,0.0,1.0,2.694660935262932,1.1658597735280167,0.7225929394740411,2.1156842514050447,2.310726090712361,2.697901280431672,2.614659058734696,35421.0,1.5475788514632869,,0.9678002527269728,0.200692753074237,2017.0,,38.86640247496422,-9.111694344548257,1,61,35436.14707024154,0
29582,Robert`s Supermarket,male,1981-06-20 12:39:00,0.0,0.0,0.0,1.0,2.796715714912044,1.141087047866959,0.6770125502755525,2.1501996938177586,2.30657803537147,2.70144012316052,2.611917644989029,34123.0,1.5521475065241572,,0.9625369004275146,0.2018009169913396,2009.0,,38.86671183439612,-9.110785337101005,1,42,34138.26008576665,0
6321,Mary`s Supermarket,female,1968-09-13 08:54:00,0.0,0.0,0.0,1.0,2.730068747725477,1.1016798118160631,0.772760613339579,2.1245535562046087,2.304775469411189,2.704569289571004,2.616965855464553,34678.0,1.5556440670178422,,0.9780057513570364,0.1925901776646394,2007.0,,38.86666625332439,-9.111673821136623,1,55,34693.13825679721,0
19229,Morgan`s Supermarket,female,1975-02-10 06:38:00,0.0,0.0,0.0,1.0,2.720697660387952,1.1634900875393808,0.7838735539822874,2.175876692369932,2.299339111104472,2.701161085456392,2.616054251457576,34218.0,1.5311708477235513,,0.9729550745276566,0.2014176930814694,2010.0,,38.86602578192997,-9.111514567268578,1,48,34233.20778973604,0
8351,Sherri`s Supermarket,female,1991-01-17 04:29:00,0.0,0.0,0.0,1.0,2.6710583593937853,1.141087047866959,0.6412373393653842,2.1494166438915285,2.3129665297011703,2.708272324617489,2.621677063429367,34904.0,1.5397738471229832,,0.9829564081810814,0.2028373293491402,2012.0,,38.86647638563099,-9.110816761502631,1,32,34919.144251816026,0
8465,James`s Supermarket,male,1952-10-24 07:10:00,0.0,0.0,0.0,1.0,2.695363292522154,1.1562432033210677,0.6412373393653842,2.110239971354162,2.3126305404022536,2.700841077285507,2.613075590551538,33984.0,1.5600689612926923,,0.9678002527269728,0.2027465272452409,2009.0,,38.86614666873559,-9.111354715321117,1,71,33999.14846263673,0
6884,Sherry`s Supermarket,female,1969-07-08 12:49:00,0.0,0.0,0.0,1.0,2.730488934875403,1.153780129210315,0.7225929394740411,2.1132969653600813,2.299592250048741,2.702527928323378,2.619589456376255,34596.0,1.529524299510337,,0.9972460116410686,0.1996270885754392,2009.0,,38.86653123643163,-9.111343604932802,1,54,34611.1487999637,0
21205,Wanda`s Supermarket,female,1978-11-16 12:56:00,0.0,0.0,0.0,1.0,2.709217840459115,1.1384692229001352,0.1732867951399863,2.146306400452016,2.302009430728377,2.705518910864741,2.612663687176139,35345.0,1.5556440670178422,,1.0018332963081178,0.196611904215981,2007.0,,38.86633525329552,-9.110930950071465,1,45,35360.1698295596,0
11022,James`s Supermarket,male,1951-10-14 12:24:00,0.0,0.0,0.0,1.0,2.6409826849807363,1.1610977247853431,0.7838735539822874,2.127189428148784,2.3096590602827574,2.703832099584163,2.6189978401434324,34157.0,1.5511394406421726,,0.9571603491222738,0.1966074024620145,2013.0,,38.8659879876245,-9.111490995763138,1,72,34172.11289827857,0
1538,Clarence`s Supermarket,male,1974-11-09 02:28:00,0.0,0.0,0.0,1.0,2.76038221649812,1.1487799625336474,0.772760613339579,2.1301468561210632,2.3251366599655827,2.705538864174009,2.614781001208959,34897.0,1.545004163413143,,0.9780057513570364,0.1976607052221172,2011.0,959407.0,38.86597954239684,-9.110818709563471,1,49,34912.22976972391,0
21701,Tammy`s Supermarket,female,1971-03-26 03:30:00,0.0,0.0,0.0,1.0,2.704348861927122,1.1773825503280837,0.7225929394740411,2.117472979574556,2.307878651801897,2.703942565753186,2.621418809759441,34996.0,1.561526691370391,,0.9729550745276566,0.1949081016208243,2009.0,,38.86663046277289,-9.111484506253412,1,52,35011.19397111052,0
6327,Nellie`s Supermarket,female,1952-12-22 08:46:00,0.0,0.0,0.0,1.0,2.6733155566699165,1.2010052611833142,0.4864775372638283,2.103457669605271,2.303134488879917,2.706559344867755,2.610776173491215,35087.0,1.562975970791472,,0.9972460116410686,0.2031745294808268,2009.0,,38.86578295592274,-9.11173320091534,1,71,35102.16122446549,0
24768,Brian`s Supermarket,male,2000-04-05 04:03:00,0.0,0.0,0.0,1.0,2.7637126016474416,1.135823695567501,0.5756462732485115,2.1387185645959814,2.304527527310136,2.703832099584163,2.6107470232215424,36122.0,1.5705666867240016,,0.9678002527269728,0.1910162145690558,2016.0,,38.86626023950834,-9.110910872832315,1,23,36137.22792819865,0
23403,Shandi`s Supermarket,female,1943-07-13 03:12:00,0.0,0.0,0.0,1.0,2.6379093417913344,1.116477029663646,0.7361097447916101,2.153987990859876,2.320269596620381,2.7057084030348224,2.614414995201371,35078.0,1.5470660307706474,,1.0151107526366048,0.1990311219130547,2012.0,,38.86602501835372,-9.110879062922129,1,80,35093.09583338794,0
23647,Donna`s Supermarket,female,1988-08-23 05:18:00,0.0,0.0,0.0,1.0,2.591025876277285,1.1883975477765911,0.7489330683884977,2.0973967667027726,2.319569838746094,2.705159478705541,2.616716918759252,34868.0,1.545004163413143,,0.9780057513570364,0.1998415303460091,2006.0,,38.8665862803243,-9.111414097707328,1,35,34883.06327059038,0
20682,James`s Supermarket,male,1999-11-13 04:55:00,0.0,0.0,0.0,1.0,2.621251151106163,1.1249524175825665,0.6931471805599453,2.1231738899539594,2.2970748102748257,2.704549258723488,2.613075590551538,34749.0,1.535509351396839,,0.9972460116410686,0.2067520306174131,2008.0,,38.865888987144125,-9.110754570596344,1,24,34764.019586469585,0
7903,Pamela`s Supermarket,female,1964-12-31 11:58:00,0.0,0.0,0.0,1.0,2.6166386302869453,1.2010052611833142,0.3465735902799726,2.124808216509811,2.3052211464629635,2.700464670776833,2.6232210080255363,34823.0,1.5429251493527287,,0.9729550745276566,0.2018267993010518,2010.0,,38.86590840666795,-9.111088903621736,1,59,34838.1142840826,0
7215,Crystal`s Supermarket,female,1982-06-17 01:04:00,0.0,0.0,0.0,1.0,2.6751867424945064,1.153780129210315,0.5198603854199589,2.141495838896417,2.3046019357634853,2.7041783982593595,2.60958553852537,35017.0,1.5371170739794118,,0.9925729783880304,0.1945788421265918,2009.0,,38.86675442361187,-9.111112509237204,1,41,35032.125945657135,0
16893,Marie`s Supermarket,female,1957-03-30 03:56:00,0.0,0.0,0.0,1.0,2.7271578244698205,1.1796247178237735,0.5493061443340549,2.09915155710678,2.300602250412476,2.70152123931957,2.618983736964572,35494.0,1.562975970791472,,1.0277184660433278,0.2014255151060563,2010.0,,38.86641165055674,-9.11088689661175,1,66,35509.19001729688,0
24969,Josie`s Supermarket,female,1972-09-04 04:15:00,0.0,0.0,0.0,1.0,2.6919053648481794,1.158682247057409,0.2746530721670274,2.1547568743243763,2.303981187567521,2.7074519550118654,2.614845534917424,34697.0,1.5392447463963888,,0.9678002527269728,0.2090416501690467,2013.0,,38.866468383667325,-9.11133350471396,1,51,34712.17086791013,0
12799,Marlon`s Supermarket,male,1947-10-18 02:56:00,0.0,0.0,0.0,1.0,2.6733779666013624,1.184049612098624,0.7225929394740411,2.096941910993945,2.310047598486267,2.702981886966392,2.61377499255071,34310.0,1.5460372227343708,,1.0107628169586376,0.1993984541004237,2008.0,,38.86613928639089,-9.1111226714401,1,76,34325.12721119043,0
552,Barbara`s Supermarket,female,1986-08-23 12:04:00,0.0,0.0,0.0,1.0,2.7478818708998007,1.1384692229001352,0.402359478108525,2.154033284817785,2.2935746501572294,2.703947585783105,2.616894755981678,34929.0,1.5521475065241572,,0.928393016676077,0.2023191463739399,2016.0,944422.0,38.86593378076217,-9.111461972624507,1,37,34944.206948877065,0
25760,Theodore`s Supermarket,male,1991-08-20 03:58:00,0.0,0.0,0.0,1.0,2.757841834721201,1.1106628141225792,0.402359478108525,2.140111058352638,2.2962043536862744,2.7026238327028413,2.6152180705205184,35019.0,1.5387145235041044,,0.9780057513570364,0.2035448143452921,2009.0,,38.86606122864561,-9.111582360827308,1,32,35034.16137648762,0
15071,Rhonda`s Supermarket,female,1990-03-25 02:27:00,0.0,0.0,0.0,1.0,2.71573817744852,1.158682247057409,0.5756462732485115,2.1353738709848007,2.3025600917439624,2.705219419963396,2.620095444067956,34405.0,1.5546500299229322,,0.9460474084795653,0.1978731570265393,2010.0,,38.866476328787584,-9.11127967822303,1,33,34420.19231928119,0
5296,Anthony`s Supermarket,male,1955-07-30 03:53:00,0.0,0.0,0.0,1.0,2.7193136063868364,1.116477029663646,0.5493061443340549,2.1409237562669143,2.2884160486956566,2.7042385751797955,2.6142066349128377,34801.0,1.561041725165934,,0.9829564081810814,0.1973009748830778,2009.0,,38.86631849687773,-9.111669495207948,1,68,34816.14461737627,0
2653,Sallie`s Supermarket,female,1998-06-09 10:20:00,0.0,0.0,0.0,1.0,2.6692135870493727,1.1106628141225792,0.5756462732485115,2.123071388927513,2.283256817218378,2.7065046929999346,2.6185108201274714,35098.0,1.549619679123077,,0.9678002527269728,0.2071293010481313,2011.0,907303.0,38.86631300262383,-9.110805527470308,1,25,35113.06083979956,0
16999,Dorotha`s Supermarket,female,1975-08-26 01:36:00,0.0,0.0,0.0,1.0,2.727770110704267,1.1610977247853431,0.5756462732485115,2.152534234264744,2.300501433796532,2.70458431165347,2.611787039848923,34483.0,1.554151525271216,,0.9678002527269728,0.1998556622781138,2012.0,,38.86583907606804,-9.110811941081431,1,48,34498.21242638032,0
19486,Judith`s Supermarket,female,1950-04-28 10:41:00,0.0,0.0,0.0,1.0,2.6303565388745795,1.1277148766292124,0.5493061443340549,2.1778196537826084,2.292145109431988,2.706340665676046,2.6156543770471106,35629.0,1.548090622368718,,0.9729550745276566,0.1995142716043813,2010.0,,38.86647554977822,-9.11139643861754,1,73,35644.09812184381,0
14026,Laura`s Supermarket,female,1983-08-29 07:01:00,0.0,0.0,0.0,1.0,2.8183527852012684,1.172836970557286,0.2746530721670274,2.098417176282685,2.3136371566601257,2.702184389823326,2.6184401587363846,34731.0,1.5576203618946205,,1.0107628169586376,0.1955755678028622,2008.0,,38.86624253292346,-9.111158612431728,1,40,34746.28148899915,0
27784,Lois`s Supermarket,female,1999-09-18 05:32:00,0.0,0.0,0.0,1.0,2.6823649065521447,1.1277148766292124,0.7225929394740411,2.107527271127281,2.27392871153372,2.704243589269387,2.615682960725861,34662.0,1.561041725165934,,0.9972460116410686,0.2096938888613565,2010.0,,38.86664456494432,-9.11170674239233,1,24,34677.072504041,0
14388,Charles`s Supermarket,male,1988-06-08 06:12:00,0.0,0.0,0.0,1.0,2.761369641126546,1.116477029663646,0.5994738181995927,2.135080902201273,2.284038868446701,2.703852187973085,2.6191811091058788,35152.0,1.5620107186271073,,0.9571603491222738,0.2045882071261129,2012.0,,38.86616884853758,-9.110772388531762,1,35,35167.182010457145,0
101,Annie`s Supermarket,female,1947-11-23 10:33:00,0.0,0.0,0.0,1.0,2.65918011415884,1.133149873288314,,2.09095222112922,2.297559925067295,2.7027600546167494,2.6085730646543577,34702.0,1.553652024605548,,0.9158904115324116,0.1944510154049378,2009.0,910065.0,38.86604768093234,-9.11171750677672,1,76,34717.04582727752,0
6412,Lincoln`s Supermarket,male,1989-11-01 12:59:00,0.0,0.0,0.0,1.0,2.6674829155393827,1.1487799625336474,0.772760613339579,2.1306943924275346,2.307339594452986,2.706375468344969,2.617966211535031,35134.0,1.5672740709265651,,0.9460474084795653,0.2108977792122004,2015.0,,38.86603318251611,-9.111162614154976,1,34,35149.14591261576,0
18496,Tina`s Supermarket,female,1978-03-21 09:32:00,0.0,0.0,0.0,1.0,2.731722815901621,1.1487799625336474,0.7361097447916101,2.1385258863590835,2.299212445448421,2.7069316531481946,2.6209434845778063,35905.0,1.5686905053104847,,0.928393016676077,0.1990260968919262,2016.0,,38.86640158689315,-9.11161653304646,1,45,35920.21480675328,0
22891,John`s Supermarket,male,1942-04-24 07:49:00,0.0,0.0,0.0,1.0,2.7716408827872696,1.1682072086154764,0.6931471805599453,2.1055557384562524,2.307069629276799,2.701171237740657,2.613695777213958,34974.0,1.5634572028938682,,0.9625369004275146,0.1954616877080232,2012.0,,38.866345430628726,-9.111354914546505,1,81,34989.23079767698,0
11546,Rhoda`s Supermarket,female,1993-11-05 10:17:00,0.0,0.0,0.0,1.0,2.670622819213939,1.1658597735280167,0.7361097447916101,2.1028470331298155,2.303782222176995,2.7037316334198147,2.616702686314968,33913.0,1.5556440670178422,,0.9878109296453568,0.2043603738643373,2006.0,,38.86593399063512,-9.110882262472572,1,30,33928.1191902348,0
3805,Teresa`s Supermarket,female,1950-05-09 04:40:00,0.0,0.0,0.0,1.0,2.7203406114303545,1.151292546497023,0.5756462732485115,2.108507237538867,2.290235005420264,2.704489156549504,2.619117685052319,36078.0,1.559581156259877,,1.0063379226837874,0.1990240125826912,2003.0,,38.86605853922601,-9.111223499037932,1,73,36093.15356339874,0
9912,Jennifer`s Supermarket,female,1987-03-11 12:42:00,0.0,0.0,0.0,1.0,2.746957967351633,1.1562432033210677,0.5198603854199589,2.113776249775704,2.308831406167523,2.70462436612764,2.6188144367323685,35041.0,1.542402683122864,,0.9625369004275146,0.2007247769367047,2011.0,,38.86611170359484,-9.11106295249624,1,36,35056.1916503126,0
25449,Katie`s Supermarket,female,1967-01-06 09:00:00,0.0,0.0,0.0,1.0,2.6988970114022663,1.153780129210315,0.772760613339579,2.150015667309633,2.274292918467636,2.70622627992552,2.618121935088298,34762.0,1.5434465259754842,,0.9571603491222738,0.194131979690498,2006.0,,38.865986922027645,-9.111412592055862,1,56,34777.14478046738,0
8361,Erin`s Supermarket,female,2000-01-12 09:23:00,0.0,0.0,0.0,1.0,2.644305632393653,1.1818469546780852,0.7838735539822874,2.126229540135156,2.29883206296392,2.70131332644843,2.6163252310037595,35021.0,1.5551475425249348,,0.9829564081810814,0.2018744741110014,2013.0,,38.86580512917364,-9.110773631768671,1,23,35036.12400029015,0
9131,Leona`s Supermarket,female,1974-12-06 02:55:00,0.0,0.0,0.0,1.0,2.6991939357112416,1.153780129210315,0.7225929394740411,2.081689703627933,2.2913357515113617,2.705808078095449,2.612178650754863,35673.0,1.5475788514632869,,1.0018332963081178,0.1974816812350953,2007.0,,38.86618713558552,-9.111189869245194,1,49,35688.091565100374,0
29418,Christie`s Supermarket,female,1969-11-19 06:51:00,0.0,0.0,0.0,1.0,2.722517245006429,1.0955066586684703,0.7611306094308558,2.116106281469396,2.294480120180018,2.706206381407949,2.616082789455952,35781.0,1.549619679123077,,0.9878109296453568,0.2013728751060471,2010.0,,38.86606593204218,-9.111367993792266,1,54,35796.10051915531,0
17366,Sharon`s Supermarket,female,1994-09-05 12:50:00,0.0,0.0,0.0,1.0,2.642129535092561,1.13044714426226,0.708303336014054,2.1439126902469514,2.313086416530304,2.7034199314871032,2.615003213888277,35878.0,1.571964640040446,,0.9925729783880304,0.1916068988852656,2010.0,,38.8662087032634,-9.111028034901484,1,29,35893.11996357155,0
15576,William`s Supermarket,male,1994-12-24 09:42:00,0.0,0.0,0.0,1.0,2.686339104210676,1.122159092433035,0.1732867951399863,2.15547837554666,2.3159228868682944,2.7013944837522854,2.611917644989029,34514.0,1.5620107186271073,,1.0357836815978831,0.1961258258336915,2016.0,,38.86606147706102,-9.11075855408736,1,29,34529.15522230642,0
13913,Erick`s Supermarket,male,1944-04-29 02:34:00,0.0,0.0,0.0,1.0,2.6290662221464456,1.1818469546780852,0.7225929394740411,2.1670490162381912,2.316349144431065,2.704724474245744,2.6112784813637075,34409.0,1.561526691370391,,0.9780057513570364,0.2034635717180805,2010.0,,38.86668863912604,-9.11145611298377,1,79,34424.17184098448,0
17860,Tina`s Supermarket,female,1990-10-25 12:12:00,0.0,0.0,0.0,1.0,2.7667220827742542,1.170532806781055,0.7225929394740411,2.1008941161573174,2.313995682463721,2.70400279946026,2.6163252310037595,35220.0,1.548601347776168,,0.9571603491222738,0.1967029597761727,2009.0,,38.86666535737075,-9.111307303474268,1,33,35235.22107406642,0
46,Angela`s Supermarket,female,1997-11-15 01:43:00,0.0,0.0,0.0,1.0,2.705992372257188,1.158682247057409,0.6412373393653842,2.136833587082056,2.2964606850939457,2.704218517815723,2.6169445277427674,35815.0,1.548601347776168,,0.9460474084795653,0.2007204081920537,2012.0,930243.0,38.86649167839369,-9.111133227452685,1,26,35830.16773328483,0
14970,Ruby`s Supermarket,female,1984-09-08 02:34:00,0.0,0.0,0.0,1.0,2.71714687400434,1.151292546497023,0.5994738181995927,2.132872624029265,2.290602459554658,2.704419019079604,2.612613055729498,35151.0,1.5686905053104847,,1.023586140555525,0.2069284763231798,2003.0,,38.8658139132539,-9.110917504904814,1,39,35166.177637084205,0
25631,Stephen`s Supermarket,male,1949-05-30 11:56:00,0.0,0.0,0.0,1.0,2.7419892202703844,1.170532806781055,0.7611306094308558,2.1157898257309378,2.3097076605939524,2.7084055040577333,2.618228054651264,35034.0,1.5475788514632869,,0.9729550745276566,0.2008442791674149,2008.0,,38.866095275265394,-9.111596557613746,1,74,35049.21223192356,0
17882,Michael`s Supermarket,male,1970-05-07 02:48:00,0.0,0.0,0.0,1.0,2.742152999260812,1.1487799625336474,0.4864775372638283,2.111585362611072,2.285889834571458,2.700250782270987,2.6130250424656944,35538.0,1.5526500192561632,,0.9729550745276566,0.2059497741096625,2012.0,,38.8662085960182,-9.111703440657545,1,53,35553.154334002975,0
4317,Dorothy`s Supermarket,female,1940-01-03 03:29:00,0.0,0.0,0.0,1.0,2.680640572423466,1.172836970557286,0.5994738181995927,2.1177349517246937,2.3008289392598047,2.706623918039452,2.619033094610232,35083.0,1.5586026814295928,,0.9972460116410686,0.198379216348676,2015.0,,38.865874569230535,-9.111684896899876,1,83,35098.15630112804,0
19438,Justin`s Supermarket,male,1976-05-08 10:16:00,0.0,0.0,0.0,1.0,2.6786933152782786,1.170532806781055,0.708303336014054,2.1302464974137334,2.2846842382791226,2.70342999245658,2.6172855531452,34407.0,1.548090622368718,,0.9878109296453568,0.2021571117820381,2010.0,,38.86592312520228,-9.111025769048863,1,47,34422.132963025724,0
19247,Trina`s Supermarket,female,1972-01-23 11:49:00,0.0,0.0,0.0,1.0,2.7274001766768285,1.1135868240633768,0.7225929394740411,2.1062146450533605,2.3071678321652267,2.699209284277179,2.6130611492841687,34558.0,1.5546500299229322,,1.0063379226837874,0.1990619211974751,2010.0,,38.865975103429086,-9.111357432838696,1,51,34573.121289941446,0
3276,Mary`s Supermarket,female,1962-05-02 07:42:00,0.0,0.0,0.0,1.0,2.7564459538020976,1.133149873288314,0.6931471805599453,2.1449011128844084,2.3002744476523125,2.705788146262308,2.6139549341134614,34692.0,1.5418791227220854,,0.9678002527269728,0.1936207891988944,2015.0,,38.86602003004776,-9.110872881015291,1,61,34707.196393590726,0
2456,William`s Supermarket,male,1993-02-08 03:32:00,0.0,0.0,0.0,1.0,2.6229921052169307,1.146241869667643,0.7225929394740411,2.122506880835867,2.308611861829854,2.703092729370465,2.615997165685956,35034.0,1.5465521559751234,,0.9829564081810814,0.2021208418536562,2007.0,911040.0,38.86669963138963,-9.1112152225007,1,30,35049.06599476858,0
22092,Ahmad`s Supermarket,male,1970-04-18 10:27:00,0.0,0.0,0.0,1.0,2.7169277345413967,1.1249524175825665,0.7838735539822874,2.1355202267310043,2.2976874305527946,2.705249385203753,2.617852897085499,34661.0,1.5465521559751234,,0.9780057513570364,0.2025110100270214,2013.0,,38.86626248956804,-9.111710812105176,1,53,34676.14474224767,0
25891,Donald`s Supermarket,male,1994-03-01 08:18:00,0.0,0.0,0.0,1.0,2.714061302341736,1.1193342036195515,0.6931471805599453,2.142256585014064,2.3048002501020948,2.7046544027723827,2.6122945659070496,34673.0,1.561041725165934,,0.9780057513570364,0.1975211350373089,2007.0,,38.86651172379543,-9.111535948440878,1,29,34688.15844303492,0
13856,Dudley`s Supermarket,male,1946-06-07 02:03:00,0.0,0.0,0.0,1.0,2.7505207935996703,1.146241869667643,0.7225929394740411,2.115578632476562,2.3167038047260404,2.704333825689786,2.618270489866936,34834.0,1.5556440670178422,,0.9625369004275146,0.1891260251788152,2007.0,,38.86617777262475,-9.111545509458615,1,77,34849.20729348305,0
28147,Clair`s Supermarket,female,1979-07-11 12:43:00,0.0,0.0,0.0,1.0,2.757607028297774,1.1277148766292124,0.7361097447916101,2.1483533043319114,2.294144185455844,2.704899567052085,2.61806531956408,35184.0,1.545521226679158,,0.9729550745276566,0.2059196489883218,2014.0,,38.86622792142734,-9.11075903898764,1,44,35199.19630550801,0
29092,Anita`s Supermarket,female,1969-02-24 04:17:00,0.0,0.0,0.0,1.0,2.6530901083893887,1.1436777446258457,0.7225929394740411,2.066669610826474,2.2994657126162674,2.70369646072181,2.614271317036497,34146.0,1.5551475425249348,,0.9972460116410686,0.2086166055678116,2014.0,,38.86669100115724,-9.110894145836022,1,54,34161.03601849674,0
20865,Cleo`s Supermarket,male,1993-09-06 12:04:00,0.0,0.0,0.0,1.0,2.673133911868319,1.158682247057409,0.708303336014054,2.1354226657541564,2.3270255224396696,2.706300885263837,2.61592579013588,35218.0,1.548601347776168,,0.9878109296453568,0.1948582265884073,2009.0,,38.866239853066354,-9.111655597890886,1,30,35233.1650923703,0
7591,Betty`s Supermarket,female,1998-07-29 10:16:00,0.0,0.0,0.0,1.0,2.73514031504691,1.1249524175825665,0.4864775372638283,2.1355202267310043,2.294402636838316,2.7060521141724,2.61724295040148,35229.0,1.5521475065241572,,0.95166562244258,0.2048190507515387,2006.0,,38.86577858206501,-9.111500956747305,1,25,35244.1654581673,0
7720,David`s Supermarket,male,1945-02-20 09:40:00,0.0,0.0,0.0,1.0,2.622491952225637,1.158682247057409,0.7361097447916101,2.1494166438915285,2.289735452222545,2.70276509844764,2.623629736900784,35171.0,1.5724288927272494,,0.9678002527269728,0.2092711980613538,2009.0,,38.866171459751726,-9.111494533622563,1,78,35186.11915002348,0
3046,Freeman`s Supermarket,male,1991-05-17 03:29:00,0.0,0.0,0.0,1.0,2.6984612255959446,1.151292546497023,0.7225929394740411,2.137705343099056,2.316609277832013,2.70763998819374,2.614845534917424,35040.0,1.5439668175264405,,0.9780057513570364,0.193611578282414,2011.0,999265.0,38.866714726893846,-9.111073342948943,1,32,35055.170520733656,0
22355,Elizabeth`s Supermarket,female,1969-11-11 04:10:00,0.0,0.0,0.0,1.0,2.6945410774224547,1.0726148602870975,0.6770125502755525,2.096201000842623,2.3035581966728818,2.7094782136514413,2.616118457373433,35177.0,1.538183173676026,,0.9829564081810814,0.2062426141368801,2007.0,,38.86641454597718,-9.111632090252122,1,54,35192.03069497993,0
16174,Stephen`s Supermarket,male,1973-04-13 03:15:00,0.0,0.0,0.0,1.0,2.665289407277893,1.1077041997108283,0.4479398673070137,2.1051155006141165,2.306405748876835,2.7048545548986818,2.61692319820134,35199.0,1.5521475065241572,,0.9403000289233906,0.2057655063251219,2009.0,,38.866453248339205,-9.111179922209596,1,50,35214.05844011611,0
3926,Olga`s Supermarket,female,1941-06-15 10:25:00,0.0,0.0,0.0,1.0,2.5986449366529323,1.172836970557286,0.7225929394740411,2.1252659523715884,2.302259881560784,2.7078871850023,2.6131838734748487,34770.0,1.5546500299229322,,1.0063379226837874,0.1987506908987192,2012.0,,38.86635802480809,-9.110905638863697,1,82,34785.07472882954,0
18256,Stephanie`s Supermarket,female,1952-12-02 02:58:00,0.0,0.0,0.0,1.0,2.6245900409569334,1.1384692229001352,0.3465735902799726,2.12929829785406,2.3058141493106823,2.7054789994679576,2.6165175907687392,35579.0,1.5653729210802605,,0.9403000289233906,0.2101118454665236,2012.0,,38.86664297560974,-9.11157687056902,1,71,35594.08554122235,0
18662,Gertrude`s Supermarket,female,1980-02-11 08:18:00,0.0,0.0,0.0,1.0,2.726415589891808,1.1277148766292124,0.7225929394740411,2.0604257899324545,2.300904456553839,2.701358980673602,2.6155400096398265,34657.0,1.562975970791472,,0.9571603491222738,0.1927685115396375,2006.0,,38.866219590928594,-9.111266955939763,1,43,34672.09533567411,0
22808,Rosalind`s Supermarket,female,1950-08-20 06:19:00,0.0,0.0,0.0,1.0,2.795152145723123,1.190543483699439,0.6597643324038146,2.1351297541799337,2.329125141951143,2.703842143980396,2.616061386262582,34662.0,1.545004163413143,,0.9925729783880304,0.2132920122409261,2015.0,,38.86669547665434,-9.110861913069837,1,73,34677.31485821921,0
4310,Tammy`s Supermarket,female,1947-02-15 07:21:00,0.0,0.0,0.0,1.0,2.7102283392350603,1.151292546497023,0.7225929394740411,2.069480064543036,2.283391828292568,2.704293724635042,2.6158258301185544,34865.0,1.541354463557855,,0.9829564081810814,0.1943540605681082,2008.0,,38.866426977232,-9.111488258034218,1,76,34880.07586679688,0
10224,Carolyn`s Supermarket,female,1971-02-15 01:13:00,0.0,0.0,0.0,1.0,2.7022096660929744,1.133149873288314,0.6597643324038146,2.114042122394616,2.3104597597588885,2.70601726645686,2.614149125639213,34590.0,1.5278668348756697,,0.9972460116410686,0.1925755477584148,2009.0,,38.86668421282384,-9.110999841353625,1,52,34605.10789464851,0
25438,Roberta`s Supermarket,female,1988-04-16 03:18:00,0.0,0.0,0.0,1.0,2.76633125006482,1.058526626149315,0.7225929394740411,2.1374634934139465,2.3034585653076096,2.710995743276776,2.6153612057585973,35460.0,1.5460372227343708,,1.01938436097643,0.201970270780118,2008.0,,38.86606883024113,-9.111507346508542,1,35,35475.1381741067,0
20903,Lashawn`s Supermarket,female,1974-07-30 07:44:00,0.0,0.0,0.0,1.0,2.71921917411254,1.1796247178237735,0.5756462732485115,2.0849946429976067,2.301532881800532,2.707273687761908,2.615232387732674,34743.0,1.5311708477235513,,0.9625369004275146,0.1986152055672283,2004.0,,38.86674434219156,-9.111572119048324,1,49,34758.13904833995,0
22091,Anna`s Supermarket,female,1955-05-06 09:52:00,0.0,0.0,0.0,1.0,2.7036160473966286,1.135823695567501,0.6212266624470001,2.1011180803380296,2.293055762465764,2.7066586813016924,2.616268207081977,35229.0,1.5465521559751234,,0.9878109296453568,0.2021459189639989,2009.0,,38.866027887181474,-9.111608458122332,1,68,35244.103092630125,0
22979,Roxanna`s Supermarket,female,1975-10-07 07:39:00,0.0,0.0,0.0,1.0,2.7283171568744056,1.170532806781055,0.1732867951399863,2.1436295645088768,2.287328917534602,2.701769493958013,2.609636786786769,33479.0,1.545521226679158,,0.9571603491222738,0.1991164088034569,2009.0,,38.86646545601683,-9.111721180144215,1,48,33494.186735953124,0
17834,Brian`s Supermarket,male,1972-01-02 11:37:00,0.0,0.0,0.0,1.0,2.704559274347864,1.133149873288314,0.2746530721670274,2.1020676960480125,2.3061840630649786,2.7034853205524128,2.612916690710867,34433.0,1.5556440670178422,,0.9093965399315964,0.2003974259080362,2007.0,,38.86643946643904,-9.111012172500196,1,51,34448.11800698503,0
11285,Michael`s Supermarket,male,1962-09-06 08:35:00,0.0,0.0,0.0,1.0,2.694931706570983,1.1047101519491496,0.7489330683884977,2.1079632860623057,2.297738414543998,2.701156009159652,2.6208385116592767,35601.0,1.5526500192561632,,1.0018332963081178,0.1934943777828717,2009.0,,38.86620764059103,-9.111712867414784,1,61,35616.079988099205,0
1381,Edward`s Supermarket,male,1944-06-25 09:40:00,0.0,0.0,0.0,1.0,2.6069652472118467,1.1436777446258457,0.7225929394740411,2.11356334791059,2.2933153409336904,2.704012837000662,2.61667421899542,35305.0,1.5634572028938682,,0.9780057513570364,0.1922608665496556,2013.0,986853.0,38.86588954960799,-9.11109043576204,1,79,35320.04166593957,0
7644,Linda`s Supermarket,female,1992-05-20 12:52:00,0.0,0.0,0.0,1.0,2.665833744630785,1.1862330320908123,0.7225929394740411,2.141733820827763,2.266444230196208,2.704724474245744,2.616617274629819,33966.0,1.5465521559751234,,1.0063379226837874,0.1995562652976003,2014.0,,38.86598142067579,-9.111283272971272,1,31,33981.128138732594,0
16793,Vicki`s Supermarket,female,1996-06-20 02:05:00,0.0,0.0,0.0,1.0,2.745933045961513,1.146241869667643,0.6597643324038146,2.10991599722675,2.31625448331672,2.7067281933277205,2.6085804161900943,34980.0,1.5501272935106725,,0.9403000289233906,0.2056013566949046,2007.0,,38.86650110724681,-9.110763521626716,1,27,34995.1837812992,0
4697,Edward`s Supermarket,male,1987-03-28 03:59:00,0.0,0.0,0.0,1.0,2.614077220438534,1.153780129210315,0.708303336014054,2.105940311655921,2.3185868754876187,2.701658063185067,2.617079572595156,35414.0,1.55613960731884,,0.9729550745276566,0.1988940345424988,2012.0,,38.86672861136039,-9.110834132618995,1,36,35429.06726177989,0
29066,Christopher`s Supermarket,male,1998-09-03 01:28:00,0.0,0.0,0.0,1.0,2.6236781858426723,1.1249524175825665,0.7611306094308558,2.1279446396786845,2.303657788348335,2.700830911584581,2.6153254296312305,35319.0,1.5434465259754842,,0.9729550745276566,0.2098621823466638,2007.0,,38.86585953330746,-9.111271897479636,1,25,35334.03983589864,0
4689,Justin`s Supermarket,male,1959-03-20 03:59:00,0.0,0.0,0.0,1.0,2.741557709530832,1.1135868240633768,0.6212266624470001,2.1173681138012066,2.308269964736418,2.701890998182676,2.613508441124263,34834.0,1.5526500192561632,,0.9678002527269728,0.2032116469762279,2011.0,,38.86603075529269,-9.111438441048572,1,64,34849.1488320707,0
16270,Melissa`s Supermarket,female,1996-05-11 05:49:00,0.0,0.0,0.0,1.0,2.76880272200539,1.175120091448104,0.5198603854199589,2.1432515640588625,2.321894788079246,2.7005257481825686,2.6198847403049563,34631.0,1.5710335402677005,,0.9878109296453568,0.1985255119983254,2008.0,,38.86596236415355,-9.110772650846906,1,27,34646.30051319435,0
10262,Francis`s Supermarket,male,1970-11-05 01:58:00,0.0,0.0,0.0,1.0,2.788189679372337,1.13044714426226,0.6931471805599453,2.146025974174716,2.313780628687019,2.7043288134096994,2.6219489882654807,34708.0,1.5531515239378797,,0.9571603491222738,0.1912553294671761,2010.0,,38.86643805653,-9.111502018145725,1,53,34723.2578727521,0
25570,Tracy`s Supermarket,female,1976-06-11 02:22:00,0.0,0.0,0.0,1.0,2.7418037619209983,1.1634900875393808,0.6770125502755525,2.1185192250856524,2.3219410672352465,2.702103488582808,2.616844974309702,35371.0,1.548601347776168,,0.9972460116410686,0.2005808547225762,2012.0,,38.86638365062785,-9.110784210784102,1,47,35386.21330395245,0
25779,Robert`s Supermarket,male,1965-01-07 03:32:00,0.0,0.0,0.0,1.0,2.6508343052889365,1.133149873288314,0.7838735539822874,2.119509119053761,2.302585092994046,2.703334396895074,2.619448722303635,34647.0,1.5475788514632869,,0.9678002527269728,0.1982169525853882,2009.0,,38.8661582291183,-9.111703569739106,1,58,34662.07644036129,0
